date,store_id,customer_id,sales
2019-12-01,1,103,472.4882755418025
2019-12-01,2,72,525.7716536225204
2019-12-01,3,701,440.1096786723022
2019-12-01,4,215,607.0829216108307
2019-12-01,5,331,399.4518555127686
2019-12-01,6,872,475.3598287518286
2019-12-01,7,664,475.86906017759975
2019-12-01,8,344,508.2082409920368
2019-12-01,9,492,501.11109133059915
2019-12-01,10,511,478.6103543198327
2019-12-01,11,682,487.44780159571116
2019-12-01,12,958,491.8066441752615
2019-12-01,13,563,507.12323011933273
2019-12-01,14,505,498.26739078862005
2019-12-01,15,131,520.8505554831588
2019-12-01,16,841,541.6230928560578
2019-12-01,17,167,398.6640192134954
2019-12-01,18,346,555.9711805780919
2019-12-01,19,565,462.5461738278322
2019-12-01,20,956,461.0808996454553
2019-12-01,21,455,556.5114096948519
2019-12-01,22,35,518.6559457364709
2019-12-01,23,206,440.34208852554536
2019-12-01,24,388,479.54740491380346
2019-12-01,25,2,431.10303480887586
2019-12-01,26,772,482.3441673996466
2019-12-01,27,822,391.0832876588146
2019-12-01,28,996,447.8051795882582
2019-12-01,29,270,454.64067099263025
2019-12-01,30,462,559.4312863215306
2019-12-01,31,727,528.2232119277568
2019-12-01,32,725,501.2750334040674
2019-12-01,33,720,513.1743020115105
2019-12-01,34,792,582.0885558007038
2019-12-01,35,922,504.8208239515129
2019-12-01,36,493,520.9551052798821
2019-12-01,37,41,457.82900383203577
2019-12-01,38,857,474.33372973014167
2019-12-01,39,839,406.21616138967414
2019-12-01,40,648,431.6608930556851
2019-12-01,41,472,546.5292200385551
2019-12-01,42,379,533.8883704836671
2019-12-01,43,773,510.5793506163008
2019-12-01,44,28,529.8522323089538
2019-12-01,45,135,491.58974559504577
2019-12-01,46,33,558.2384322752262
2019-12-01,47,48,573.4470642716196
2019-12-01,48,805,443.80508327299816
2019-12-01,49,99,421.2922356527973
2019-12-01,50,547,531.8976471612445
2019-12-02,1,961,516.3422611985006
2019-12-02,2,643,495.94405229206563
2019-12-02,3,769,453.3118579543975
2019-12-02,4,398,539.210409382697
2019-12-02,5,871,492.4733070870109
2019-12-02,6,691,451.72211640525126
2019-12-02,7,575,497.00913681691657
2019-12-02,8,96,548.0586883209178
2019-12-02,9,900,489.0164056081244
2019-12-02,10,749,517.8556285755873
2019-12-02,11,655,460.537083565104
2019-12-02,12,160,537.1855641885613
2019-12-02,13,839,459.57531985534064
2019-12-02,14,578,474.91214782077316
2019-12-02,15,682,525.0724165762402
2019-12-02,16,646,557.9093326466013
2019-12-02,17,796,473.51198981164805
2019-12-02,18,798,525.6633716556678
2019-12-02,19,958,568.5931066774888
2019-12-02,20,348,508.7776646977416
2019-12-02,21,473,464.89734530613237
2019-12-02,22,377,483.6168926701116
2019-12-02,23,283,563.6866810069778
2019-12-02,24,745,485.402366458719
2019-12-02,25,259,500.255672832123
2019-12-02,26,649,488.27064333124264
2019-12-02,27,318,480.2241774209853
2019-12-02,28,684,485.5431571765029
2019-12-02,29,664,491.93571441669957
2019-12-02,30,608,520.2025428407269
2019-12-02,31,472,452.8471595766369
2019-12-02,32,497,570.1979369329647
2019-12-02,33,442,404.06143923504794
2019-12-02,34,625,498.67430622753915
2019-12-02,35,952,505.1173841274833
2019-12-02,36,642,478.36953597259935
2019-12-02,37,220,490.3819517609439
2019-12-02,38,130,515.0773671166806
2019-12-02,39,53,516.9910482093322
2019-12-02,40,416,499.63099250277133
2019-12-02,41,247,557.141140725751
2019-12-02,42,123,537.5966516343387
2019-12-02,43,401,459.9086078325153
2019-12-02,44,884,569.2007859466339
2019-12-02,45,610,529.3428546900135
2019-12-02,46,752,609.5227812904989
2019-12-02,47,144,475.3283758898337
2019-12-02,48,326,546.1581304170976
2019-12-02,49,464,504.98256825438204
2019-12-02,50,955,474.82621729419003
2019-12-03,1,932,500.45721728700687
2019-12-03,2,147,481.72303515837285
2019-12-03,3,148,446.88481431369473
2019-12-03,4,929,523.679621531759
2019-12-03,5,936,531.0274107980867
2019-12-03,6,641,491.95313115684684
2019-12-03,7,779,460.83733538318813
2019-12-03,8,151,483.89692418971623
2019-12-03,9,415,482.16274871159027
2019-12-03,10,764,527.8060899266983
2019-12-03,11,144,511.37299673020647
2019-12-03,12,572,565.3571377141214
2019-12-03,13,881,483.7754521085553
2019-12-03,14,652,489.70666414522475
2019-12-03,15,453,512.9941397124212
2019-12-03,16,9,539.0911435888655
2019-12-03,17,233,564.9698407132244
2019-12-03,18,131,456.64269219752236
2019-12-03,19,404,512.5246425172938
2019-12-03,20,920,517.3224104748488
2019-12-03,21,628,511.31441347494376
2019-12-03,22,227,542.370071628832
2019-12-03,23,112,514.6536236649341
2019-12-03,24,861,464.28242909868163
2019-12-03,25,914,508.7416505995736
2019-12-03,26,822,439.15725538203804
2019-12-03,27,163,440.4348251398676
2019-12-03,28,161,532.8276804316915
2019-12-03,29,580,462.4410287668036
2019-12-03,30,916,443.4785973439735
2019-12-03,31,504,548.1688064622161
2019-12-03,32,401,520.6390463468249
2019-12-03,33,640,456.6179455010313
2019-12-03,34,883,507.2930926214155
2019-12-03,35,470,455.5242785187238
2019-12-03,36,38,459.2094857517281
2019-12-03,37,230,543.9336774095448
2019-12-03,38,283,488.0202745903095
2019-12-03,39,27,500.65009459389535
2019-12-03,40,284,572.6767038578658
2019-12-03,41,879,429.67973664092256
2019-12-03,42,829,498.27351719525956
2019-12-03,43,816,446.4553750969444
2019-12-03,44,220,524.1236207621592
2019-12-03,45,158,493.793380555917
2019-12-03,46,181,537.0170408973869
2019-12-03,47,607,457.6603140965798
2019-12-03,48,983,424.25763876570676
2019-12-03,49,161,453.6976690394261
2019-12-03,50,793,474.3517341182189
2019-12-04,1,735,442.61400135875
2019-12-04,2,639,569.4801414073296
2019-12-04,3,155,448.7250065139922
2019-12-04,4,104,440.8480194332474
2019-12-04,5,929,520.9319734586301
2019-12-04,6,39,463.5910375318333
2019-12-04,7,477,466.65283125217434
2019-12-04,8,818,415.40908718748483
2019-12-04,9,921,463.3524432478138
2019-12-04,10,903,509.7673236273486
2019-12-04,11,825,440.83671892727904
2019-12-04,12,776,524.7497827095848
2019-12-04,13,512,472.20275511126914
2019-12-04,14,883,493.6132585768057
2019-12-04,15,471,503.41756255519147
2019-12-04,16,800,479.5295584714221
2019-12-04,17,727,439.99341311349184
2019-12-04,18,698,560.0690222108846
2019-12-04,19,575,479.3619193404947
2019-12-04,20,682,529.782182590216
2019-12-04,21,838,517.7209792559831
2019-12-04,22,613,405.98437057737215
2019-12-04,23,993,472.93572791800165
2019-12-04,24,620,538.8411502212801
2019-12-04,25,5,560.5199316568319
2019-12-04,26,992,492.4382017253885
2019-12-04,27,884,583.1884894724126
2019-12-04,28,936,463.03817842724465
2019-12-04,29,820,434.60428501653126
2019-12-04,30,58,400.4700225211318
2019-12-04,31,951,463.3653899348078
2019-12-04,32,830,471.0861543017931
2019-12-04,33,791,589.0645538513184
2019-12-04,34,641,466.1292166142622
2019-12-04,35,58,494.22632950381336
2019-12-04,36,96,541.5854288487924
2019-12-04,37,638,509.1927757204779
2019-12-04,38,189,528.8948567549418
2019-12-04,39,999,460.6199044820564
2019-12-04,40,861,596.181220607264
2019-12-04,41,247,504.32829072612776
2019-12-04,42,435,470.35586337698226
2019-12-04,43,997,483.03068534109013
2019-12-04,44,220,459.2364531739038
2019-12-04,45,69,485.96725623295896
2019-12-04,46,958,469.8012040251126
2019-12-04,47,453,453.65347642109583
2019-12-04,48,432,497.02373219691
2019-12-04,49,341,435.252876276007
2019-12-04,50,734,494.7440747626793
2019-12-05,1,357,581.6205651965818
2019-12-05,2,837,428.49293110196834
2019-12-05,3,100,493.5793926730146
2019-12-05,4,762,476.7167614372727
2019-12-05,5,659,558.158187607748
2019-12-05,6,325,500.51165305097936
2019-12-05,7,516,528.3884183878812
2019-12-05,8,258,507.40908656895743
2019-12-05,9,497,517.2034065701012
2019-12-05,10,852,546.3116271442517
2019-12-05,11,664,537.4552838482161
2019-12-05,12,545,590.4478414510081
2019-12-05,13,929,524.0608864214064
2019-12-05,14,268,523.3528586364444
2019-12-05,15,835,525.0713378513041
2019-12-05,16,43,553.0319289410705
2019-12-05,17,556,455.8460670760233
2019-12-05,18,302,465.0310975801759
2019-12-05,19,898,505.51497893167107
2019-12-05,20,727,478.4987307075042
2019-12-05,21,849,442.2242044955258
2019-12-05,22,970,578.5055311019427
2019-12-05,23,602,438.0884574425825
2019-12-05,24,903,458.7674336174464
2019-12-05,25,196,447.85193031985744
2019-12-05,26,75,566.3235834159524
2019-12-05,27,413,495.49606834098967
2019-12-05,28,761,474.7059973382853
2019-12-05,29,676,527.5868505232537
2019-12-05,30,192,464.4936021036258
2019-12-05,31,739,498.9549203017926
2019-12-05,32,978,505.8663691654391
2019-12-05,33,999,552.1837822684374
2019-12-05,34,736,511.44892690942703
2019-12-05,35,37,538.2239117662856
2019-12-05,36,279,444.4418093627951
2019-12-05,37,217,468.6571065230923
2019-12-05,38,881,432.89963479733217
2019-12-05,39,62,377.17034271133025
2019-12-05,40,397,496.1733969324227
2019-12-05,41,699,519.6020944866298
2019-12-05,42,735,493.7737376203158
2019-12-05,43,384,432.88435867450033
2019-12-05,44,144,331.79522367683444
2019-12-05,45,885,510.0953720901398
2019-12-05,46,948,459.7631657462252
2019-12-05,47,891,482.8705565884677
2019-12-05,48,693,512.4657270810977
2019-12-05,49,42,590.6833287939454
2019-12-05,50,751,520.2291447558763
2019-12-06,1,588,544.4492147138577
2019-12-06,2,913,524.8032116612937
2019-12-06,3,253,487.0791132091282
2019-12-06,4,168,559.1741160070501
2019-12-06,5,170,544.3100983064687
2019-12-06,6,194,488.3148410342998
2019-12-06,7,517,420.9173037192727
2019-12-06,8,648,503.95045071220284
2019-12-06,9,496,514.4941405768564
2019-12-06,10,301,490.6387521825593
2019-12-06,11,132,566.3251943718387
2019-12-06,12,787,452.28049357135023
2019-12-06,13,445,573.9126057411231
2019-12-06,14,714,456.02660798766215
2019-12-06,15,858,463.783310232645
2019-12-06,16,173,406.21106807180286
2019-12-06,17,653,572.1873604842881
2019-12-06,18,660,404.25463151952385
2019-12-06,19,476,532.3779054506857
2019-12-06,20,935,526.8013267452429
2019-12-06,21,1,444.7889105726433
2019-12-06,22,505,538.0785920648798
2019-12-06,23,191,457.65331313761686
2019-12-06,24,929,497.737518813034
2019-12-06,25,934,567.9408316666364
2019-12-06,26,685,485.682674191704
2019-12-06,27,672,405.1626389908539
2019-12-06,28,80,529.9546662914571
2019-12-06,29,886,542.1787011390172
2019-12-06,30,441,446.68392608800156
2019-12-06,31,402,476.4061237941065
2019-12-06,32,143,472.1909427099006
2019-12-06,33,415,571.8377336274776
2019-12-06,34,971,464.9150011496085
2019-12-06,35,12,456.22191059840196
2019-12-06,36,373,488.25758332053465
2019-12-06,37,8,523.136215682056
2019-12-06,38,648,447.9574923360052
2019-12-06,39,698,462.15469547442024
2019-12-06,40,869,456.2460588565941
2019-12-06,41,41,483.83136004983993
2019-12-06,42,959,416.9941289721833
2019-12-06,43,145,467.7338895401257
2019-12-06,44,461,419.9694495486183
2019-12-06,45,732,467.68502503496256
2019-12-06,46,547,479.8222521576545
2019-12-06,47,253,493.8605625421243
2019-12-06,48,709,532.4446620626775
2019-12-06,49,815,507.10250459587843
2019-12-06,50,5,551.8579232472313
2019-12-07,1,119,569.9798323926367
2019-12-07,2,146,477.6285987870931
2019-12-07,3,224,469.21070776161446
2019-12-07,4,827,571.8091734038883
2019-12-07,5,795,465.2927023246253
2019-12-07,6,105,505.49300365216243
2019-12-07,7,99,510.93415461380704
2019-12-07,8,709,475.78121540153484
2019-12-07,9,863,515.9768789434357
2019-12-07,10,23,509.6639030924693
2019-12-07,11,997,546.2076191542767
2019-12-07,12,83,540.6428232119049
2019-12-07,13,145,463.0190615285324
2019-12-07,14,1,467.5376360833145
2019-12-07,15,51,456.39481172982204
2019-12-07,16,449,466.44880444246525
2019-12-07,17,881,326.0915393181722
2019-12-07,18,771,486.58684690252437
2019-12-07,19,891,546.8536260157589
2019-12-07,20,236,471.53369347256114
2019-12-07,21,389,471.8370694269818
2019-12-07,22,919,626.9628895605447
2019-12-07,23,207,529.6871087920606
2019-12-07,24,75,560.6407536841342
2019-12-07,25,435,511.67328982401216
2019-12-07,26,738,540.1326127803715
2019-12-07,27,806,580.528923161165
2019-12-07,28,335,563.6996695294409
2019-12-07,29,859,512.5597486109837
2019-12-07,30,249,477.3101667513922
2019-12-07,31,166,543.3035258021399
2019-12-07,32,542,494.8211950049188
2019-12-07,33,759,595.2953618463497
2019-12-07,34,797,511.38011604652456
2019-12-07,35,900,560.6078216612551
2019-12-07,36,785,492.797535086274
2019-12-07,37,508,423.84195647641195
2019-12-07,38,126,560.2957603621293
2019-12-07,39,747,409.0349775235035
2019-12-07,40,111,545.7302757797042
2019-12-07,41,761,617.0987601256497
2019-12-07,42,971,444.90726000091195
2019-12-07,43,374,454.5972978214781
2019-12-07,44,900,528.051653373553
2019-12-07,45,696,549.855761094891
2019-12-07,46,667,488.2340629046374
2019-12-07,47,93,503.80240199481926
2019-12-07,48,51,517.6479987769451
2019-12-07,49,403,474.8381257167126
2019-12-07,50,682,552.2656396503805
2019-12-08,1,829,502.5421284568078
2019-12-08,2,645,475.56799573059595
2019-12-08,3,233,539.3016977856041
2019-12-08,4,945,485.6429951288307
2019-12-08,5,78,439.07551793567075
2019-12-08,6,794,441.9837487365347
2019-12-08,7,249,598.212648349745
2019-12-08,8,56,490.13891645732383
2019-12-08,9,350,481.04711769088397
2019-12-08,10,337,447.02104268916753
2019-12-08,11,26,508.90642128805325
2019-12-08,12,303,501.7817729925228
2019-12-08,13,639,498.2401530768758
2019-12-08,14,28,502.8279474794584
2019-12-08,15,983,589.0364719072611
2019-12-08,16,666,512.6239894171792
2019-12-08,17,526,543.3424531671071
2019-12-08,18,363,523.551841570901
2019-12-08,19,751,441.51157830874547
2019-12-08,20,192,417.04542058061713
2019-12-08,21,985,461.445672974778
2019-12-08,22,39,528.808729973555
2019-12-08,23,953,421.9747042808665
2019-12-08,24,525,510.33447315005384
2019-12-08,25,212,391.1659305363909
2019-12-08,26,233,480.44829993847543
2019-12-08,27,109,628.6662476055217
2019-12-08,28,470,468.79916355557106
2019-12-08,29,34,604.2238615270782
2019-12-08,30,748,569.5451748092637
2019-12-08,31,595,423.84618805598234
2019-12-08,32,692,443.2067251246376
2019-12-08,33,282,429.2398740241243
2019-12-08,34,315,529.7700567855212
2019-12-08,35,877,524.8289079482399
2019-12-08,36,437,490.28743058829826
2019-12-08,37,662,469.14547958565623
2019-12-08,38,624,437.0578979223902
2019-12-08,39,516,539.8742102239157
2019-12-08,40,847,507.2602030142729
2019-12-08,41,646,499.56047218483224
2019-12-08,42,998,522.5705599323749
2019-12-08,43,947,528.3170065259511
2019-12-08,44,715,541.5909088052631
2019-12-08,45,392,562.0985299004928
2019-12-08,46,645,495.7118415383583
2019-12-08,47,326,532.0291003474575
2019-12-08,48,140,459.26079360048516
2019-12-08,49,559,549.3746502850361
2019-12-08,50,550,538.2102194000954
2019-12-09,1,805,538.2126099304512
2019-12-09,2,845,500.539908240485
2019-12-09,3,259,492.57242974964754
2019-12-09,4,10,479.6269931182367
2019-12-09,5,261,550.314640460722
2019-12-09,6,321,471.15540652384254
2019-12-09,7,319,555.3164552414221
2019-12-09,8,971,538.5819074650668
2019-12-09,9,911,376.41777499363553
2019-12-09,10,606,460.1552372264762
2019-12-09,11,95,508.48646421951867
2019-12-09,12,588,504.46969595728245
2019-12-09,13,995,504.329489373645
2019-12-09,14,918,492.21613823039604
2019-12-09,15,572,494.00745403172004
2019-12-09,16,873,505.686473010649
2019-12-09,17,229,475.6196887963753
2019-12-09,18,725,478.372090609019
2019-12-09,19,165,527.1741576481888
2019-12-09,20,410,551.74604635403
2019-12-09,21,574,543.5562351715846
2019-12-09,22,89,483.69882339160796
2019-12-09,23,402,487.49386994627446
2019-12-09,24,526,565.052621658115
2019-12-09,25,800,406.4604039487072
2019-12-09,26,23,482.42432579793456
2019-12-09,27,575,420.9874031628236
2019-12-09,28,225,500.8026709321965
2019-12-09,29,503,462.64460555298683
2019-12-09,30,104,502.7459649326129
2019-12-09,31,947,385.54693715335014
2019-12-09,32,579,571.6240958726253
2019-12-09,33,391,545.808563280231
2019-12-09,34,500,554.5181455846823
2019-12-09,35,15,499.3627924755816
2019-12-09,36,478,552.7197607924558
2019-12-09,37,231,541.4076745195052
2019-12-09,38,411,550.494748052483
2019-12-09,39,951,482.3937639848163
2019-12-09,40,834,478.73393829190775
2019-12-09,41,522,582.1048085553722
2019-12-09,42,118,498.05938586399867
2019-12-09,43,806,387.75985461463455
2019-12-09,44,877,533.790436502204
2019-12-09,45,216,502.7577938209306
2019-12-09,46,648,625.2844604820987
2019-12-09,47,261,371.3534379307828
2019-12-09,48,685,480.7230880016044
2019-12-09,49,130,501.36323524094394
2019-12-09,50,932,493.24498460425315
2019-12-10,1,292,535.9049274125841
2019-12-10,2,660,578.3797210439484
2019-12-10,3,11,494.40137397026916
2019-12-10,4,134,516.3211682535357
2019-12-10,5,712,416.0270358999105
2019-12-10,6,363,469.74684620040483
2019-12-10,7,396,486.5582911602412
2019-12-10,8,616,478.0067856192291
2019-12-10,9,828,456.2237486594067
2019-12-10,10,324,510.2305104762456
2019-12-10,11,133,510.8430518491469
2019-12-10,12,106,522.1058332656736
2019-12-10,13,604,468.5064177189609
2019-12-10,14,51,490.8265423201768
2019-12-10,15,29,468.62905578112617
2019-12-10,16,420,475.2305378534377
2019-12-10,17,182,476.3286903649752
2019-12-10,18,950,547.5941509014277
2019-12-10,19,567,526.8882979203478
2019-12-10,20,431,432.064424271897
2019-12-10,21,969,460.17485206712064
2019-12-10,22,313,533.0387615861071
2019-12-10,23,117,454.23793100018173
2019-12-10,24,244,512.3051841145091
2019-12-10,25,537,422.21250120641855
2019-12-10,26,347,360.76821776089497
2019-12-10,27,529,477.8260053757356
2019-12-10,28,763,504.1327979722516
2019-12-10,29,179,523.584405259892
2019-12-10,30,180,423.5117848413596
2019-12-10,31,710,464.0848291914626
2019-12-10,32,666,545.2943805745251
2019-12-10,33,156,503.92044612530384
2019-12-10,34,849,425.7649214241464
2019-12-10,35,84,613.8325813199418
2019-12-10,36,342,418.53486947228737
2019-12-10,37,476,433.01857509031043
2019-12-10,38,327,507.44451138261115
2019-12-10,39,769,456.45676761768357
2019-12-10,40,435,419.4019410174958
2019-12-10,41,891,471.64184160323026
2019-12-10,42,670,556.4444371523454
2019-12-10,43,285,428.31457137690575
2019-12-10,44,144,573.2694877759548
2019-12-10,45,424,417.46321402757195
2019-12-10,46,371,535.0471130723039
2019-12-10,47,175,621.4923864326985
2019-12-10,48,113,597.4866297800614
2019-12-10,49,114,579.5858661594078
2019-12-10,50,644,499.1038213219073
2019-12-11,1,897,471.6140482612155
2019-12-11,2,643,488.9238951657641
2019-12-11,3,800,525.6897706790305
2019-12-11,4,162,485.2816669490847
2019-12-11,5,380,561.1101673103968
2019-12-11,6,835,391.2838217956677
2019-12-11,7,984,501.27856682047167
2019-12-11,8,328,429.45747347971087
2019-12-11,9,54,540.6280298181532
2019-12-11,10,51,405.9654115362744
2019-12-11,11,609,585.8328888227362
2019-12-11,12,803,522.0484090930635
2019-12-11,13,96,500.65002532475626
2019-12-11,14,814,503.07843103127254
2019-12-11,15,491,486.2095217199004
2019-12-11,16,823,447.12343742833286
2019-12-11,17,944,511.5471978194082
2019-12-11,18,673,464.2012096536897
2019-12-11,19,151,516.5159534121308
2019-12-11,20,82,543.5004953782037
2019-12-11,21,514,511.3630704567284
2019-12-11,22,523,537.3990217030957
2019-12-11,23,746,477.0744076236762
2019-12-11,24,119,554.4270138811272
2019-12-11,25,396,476.2234727917825
2019-12-11,26,256,550.7843472531742
2019-12-11,27,734,547.4858040297969
2019-12-11,28,867,481.9506260372051
2019-12-11,29,500,508.3207574381444
2019-12-11,30,59,451.20100958541667
2019-12-11,31,727,483.21424635567143
2019-12-11,32,115,567.3022103732359
2019-12-11,33,209,515.390088444603
2019-12-11,34,237,414.4915803671687
2019-12-11,35,281,468.85727484493583
2019-12-11,36,235,479.0928482995364
2019-12-11,37,494,500.92169665326963
2019-12-11,38,109,517.3790852680836
2019-12-11,39,610,418.52035070118365
2019-12-11,40,17,527.593182765475
2019-12-11,41,677,551.4577818662822
2019-12-11,42,599,523.6298741206522
2019-12-11,43,629,581.0266722582938
2019-12-11,44,821,578.5247317630569
2019-12-11,45,455,559.308909116206
2019-12-11,46,981,512.8569065046986
2019-12-11,47,476,479.06475795967754
2019-12-11,48,130,572.7463904162834
2019-12-11,49,822,482.599345685158
2019-12-11,50,292,509.9279181448146
2019-12-12,1,371,469.4241098504026
2019-12-12,2,296,429.6669451575889
2019-12-12,3,11,567.0655959850068
2019-12-12,4,807,455.81111055678656
2019-12-12,5,744,452.53005555840286
2019-12-12,6,623,631.6191032418695
2019-12-12,7,664,504.76604034738597
2019-12-12,8,289,508.9518398274483
2019-12-12,9,762,471.21810868811133
2019-12-12,10,958,506.1004907322681
2019-12-12,11,507,415.5221386960865
2019-12-12,12,154,549.3561100064355
2019-12-12,13,450,498.2505754751519
2019-12-12,14,939,588.5400317817755
2019-12-12,15,616,422.1023841161666
2019-12-12,16,131,479.9809319908341
2019-12-12,17,498,531.620386952776
2019-12-12,18,478,548.6277224813365
2019-12-12,19,102,411.856653556448
2019-12-12,20,44,557.206760130821
2019-12-12,21,955,496.2783285449977
2019-12-12,22,815,531.0336048775339
2019-12-12,23,12,553.2284339013349
2019-12-12,24,776,505.98028344435346
2019-12-12,25,991,527.989522396552
2019-12-12,26,374,554.039036277731
2019-12-12,27,976,477.3127845731779
2019-12-12,28,89,531.6470816896733
2019-12-12,29,268,521.4809109566293
2019-12-12,30,919,510.38438435815556
2019-12-12,31,794,540.924236731927
2019-12-12,32,782,506.6923827123
2019-12-12,33,335,445.94717297958687
2019-12-12,34,688,552.6576426666452
2019-12-12,35,840,556.4534718767571
2019-12-12,36,935,495.97921131455035
2019-12-12,37,995,546.9141902987999
2019-12-12,38,273,474.1977635891313
2019-12-12,39,526,429.742003881777
2019-12-12,40,188,525.0516671758672
2019-12-12,41,813,511.10668858168566
2019-12-12,42,936,476.06256891682614
2019-12-12,43,986,486.9486373376602
2019-12-12,44,527,506.74923604098444
2019-12-12,45,888,572.3488942176866
2019-12-12,46,921,509.8277388255787
2019-12-12,47,397,543.3882512085444
2019-12-12,48,426,514.1516102697608
2019-12-12,49,108,504.11419946377123
2019-12-12,50,416,553.2740187532676
2019-12-13,1,608,561.1585475295728
2019-12-13,2,477,465.82841049349383
2019-12-13,3,318,614.9449061809626
2019-12-13,4,440,481.85807197801705
2019-12-13,5,748,415.9089837433385
2019-12-13,6,389,412.0700500002926
2019-12-13,7,577,478.99065914520713
2019-12-13,8,142,485.9107695569746
2019-12-13,9,376,449.6942053458252
2019-12-13,10,958,447.45440210859067
2019-12-13,11,293,498.2657556306609
2019-12-13,12,817,511.710736626826
2019-12-13,13,889,446.47109601614164
2019-12-13,14,805,534.1311618228573
2019-12-13,15,61,528.1539436986285
2019-12-13,16,807,423.37363290413396
2019-12-13,17,440,512.1747869403949
2019-12-13,18,62,546.4048888308097
2019-12-13,19,845,492.54054201206407
2019-12-13,20,861,467.0293294274499
2019-12-13,21,575,530.9070297640341
2019-12-13,22,366,474.81477596634295
2019-12-13,23,330,493.5894236952445
2019-12-13,24,937,474.94300163607153
2019-12-13,25,753,525.7636426493383
2019-12-13,26,727,559.7090981275535
2019-12-13,27,689,625.0849106430221
2019-12-13,28,753,523.4810394687752
2019-12-13,29,573,505.4334415533675
2019-12-13,30,850,414.561618041021
2019-12-13,31,62,611.7837343492237
2019-12-13,32,893,466.7030758602302
2019-12-13,33,89,577.3752600665031
2019-12-13,34,610,589.7938836547761
2019-12-13,35,267,481.8732487450319
2019-12-13,36,988,529.1900188078146
2019-12-13,37,541,514.2932695362452
2019-12-13,38,40,516.7228394993513
2019-12-13,39,537,457.47217706689025
2019-12-13,40,984,505.2367649319065
2019-12-13,41,124,431.03403859927363
2019-12-13,42,901,463.45349800290404
2019-12-13,43,176,457.95456009760727
2019-12-13,44,316,499.5860962724975
2019-12-13,45,688,474.1194350481914
2019-12-13,46,593,511.18939758194495
2019-12-13,47,114,325.9595585619958
2019-12-13,48,349,456.48883789282445
2019-12-13,49,115,475.5280278740889
2019-12-13,50,866,552.2080438534535
2019-12-14,1,40,418.0301866167972
2019-12-14,2,262,523.127427632377
2019-12-14,3,216,529.5327415346154
2019-12-14,4,353,555.4351790291454
2019-12-14,5,571,520.2808796570189
2019-12-14,6,363,535.7503506900571
2019-12-14,7,557,553.3337344794577
2019-12-14,8,191,558.4647795222836
2019-12-14,9,667,467.54043375481604
2019-12-14,10,747,524.0281053705373
2019-12-14,11,557,491.6440959841573
2019-12-14,12,363,507.3356843216661
2019-12-14,13,437,465.5229839459817
2019-12-14,14,356,524.7477758780763
2019-12-14,15,258,501.43724114674086
2019-12-14,16,295,563.9225931303649
2019-12-14,17,962,540.8876347938025
2019-12-14,18,113,425.5303470175347
2019-12-14,19,233,432.0071929510041
2019-12-14,20,700,537.3126783013611
2019-12-14,21,448,574.7566872758706
2019-12-14,22,326,510.6815212214255
2019-12-14,23,467,512.4691841855378
2019-12-14,24,224,578.8726639881737
2019-12-14,25,994,560.4490972053233
2019-12-14,26,222,427.9252875968192
2019-12-14,27,37,477.6783192724736
2019-12-14,28,731,509.70449964491536
2019-12-14,29,192,481.8521360515646
2019-12-14,30,906,508.7319634683914
2019-12-14,31,886,559.7523314462421
2019-12-14,32,210,423.8406547608113
2019-12-14,33,306,601.0200981841056
2019-12-14,34,948,463.0062861768306
2019-12-14,35,381,468.54640139652855
2019-12-14,36,33,491.57220629686196
2019-12-14,37,646,556.830238585228
2019-12-14,38,459,477.15163382112877
2019-12-14,39,570,533.914970559602
2019-12-14,40,99,497.5985234642912
2019-12-14,41,397,504.4476136304851
2019-12-14,42,797,558.29568576857
2019-12-14,43,157,541.7042859304152
2019-12-14,44,687,475.26483155411086
2019-12-14,45,974,475.7845409706816
2019-12-14,46,707,482.2687908533253
2019-12-14,47,849,521.5420122166875
2019-12-14,48,869,512.1653832064183
2019-12-14,49,955,407.6613782764299
2019-12-14,50,570,471.6665293744947
2019-12-15,1,892,547.1083252581915
2019-12-15,2,163,543.0048192071534
2019-12-15,3,832,520.1384145996547
2019-12-15,4,786,534.4931624898151
2019-12-15,5,271,625.7773103937112
2019-12-15,6,60,417.1793147262422
2019-12-15,7,430,492.0672252065707
2019-12-15,8,562,440.6679241317476
2019-12-15,9,199,452.7815611228474
2019-12-15,10,693,516.162288145449
2019-12-15,11,536,509.82605848507353
2019-12-15,12,558,535.4501878794256
2019-12-15,13,527,448.46412485992386
2019-12-15,14,273,497.51167451754577
2019-12-15,15,894,466.1803848970365
2019-12-15,16,678,590.0470216455408
2019-12-15,17,944,462.95837960161487
2019-12-15,18,501,499.28554843050154
2019-12-15,19,117,427.3286751362797
2019-12-15,20,64,598.2663754226857
2019-12-15,21,717,494.0501012134553
2019-12-15,22,990,441.1051678509714
2019-12-15,23,320,516.4247685064908
2019-12-15,24,166,496.3858260964788
2019-12-15,25,544,560.7577504435877
2019-12-15,26,102,537.1042294261899
2019-12-15,27,425,498.7911511450935
2019-12-15,28,88,471.4497640180213
2019-12-15,29,553,499.8198730454716
2019-12-15,30,86,442.0817655403729
2019-12-15,31,92,526.2444389331976
2019-12-15,32,928,589.0812545212684
2019-12-15,33,242,510.41914039737765
2019-12-15,34,801,397.9132565787855
2019-12-15,35,745,486.54069341593055
2019-12-15,36,116,495.6930777258318
2019-12-15,37,666,449.91899950525425
2019-12-15,38,871,485.9449853557023
2019-12-15,39,90,549.4441368654509
2019-12-15,40,994,531.1654903327302
2019-12-15,41,106,569.9677718293001
2019-12-15,42,902,546.2316841456384
2019-12-15,43,9,590.5990062067435
2019-12-15,44,264,517.8962864345884
2019-12-15,45,840,544.7596610013866
2019-12-15,46,318,531.7585900840985
2019-12-15,47,111,505.7266683107732
2019-12-15,48,314,547.5072735499416
2019-12-15,49,22,603.7630436312633
2019-12-15,50,809,465.54060909552163
2019-12-16,1,700,481.5239191588885
2019-12-16,2,12,510.2274698045373
2019-12-16,3,87,485.0848252724277
2019-12-16,4,243,608.1828249612369
2019-12-16,5,122,482.3286628132002
2019-12-16,6,685,398.666893512833
2019-12-16,7,904,490.69717474285596
2019-12-16,8,288,552.1382587922201
2019-12-16,9,307,434.4389494912442
2019-12-16,10,312,559.9222476415844
2019-12-16,11,873,457.83134227303094
2019-12-16,12,755,499.322522597627
2019-12-16,13,35,479.3843440632569
2019-12-16,14,207,429.40195117278745
2019-12-16,15,353,483.16886363394195
2019-12-16,16,725,517.5877338296857
2019-12-16,17,159,556.562639519887
2019-12-16,18,805,486.2626252412791
2019-12-16,19,516,543.6891520480058
2019-12-16,20,956,538.4061917567358
2019-12-16,21,152,547.6146730518604
2019-12-16,22,617,647.3106413331612
2019-12-16,23,420,495.8574542597054
2019-12-16,24,740,481.34174088934014
2019-12-16,25,578,565.8471781616281
2019-12-16,26,295,521.9651378840736
2019-12-16,27,938,436.13897670384586
2019-12-16,28,530,422.5610088743894
2019-12-16,29,552,475.5230278154248
2019-12-16,30,794,531.1278166671291
2019-12-16,31,520,582.8494234852387
2019-12-16,32,298,422.97906640554817
2019-12-16,33,940,511.53204551321824
2019-12-16,34,293,383.76603637567655
2019-12-16,35,837,494.63370022017114
2019-12-16,36,502,463.2024040399985
2019-12-16,37,828,580.503373434669
2019-12-16,38,231,417.7111735242341
2019-12-16,39,985,465.7131206605828
2019-12-16,40,145,513.7762438734266
2019-12-16,41,891,456.3024827254287
2019-12-16,42,163,418.689114270563
2019-12-16,43,229,500.8442529209948
2019-12-16,44,460,495.31172752386647
2019-12-16,45,952,429.6857685708359
2019-12-16,46,287,472.3686002546899
2019-12-16,47,395,492.47900727690836
2019-12-16,48,592,549.7774292681139
2019-12-16,49,970,597.5517149010009
2019-12-16,50,361,470.5010704792778
2019-12-17,1,257,609.4875143904593
2019-12-17,2,972,437.00400168134223
2019-12-17,3,513,462.8990129221511
2019-12-17,4,284,434.76723020962874
2019-12-17,5,121,418.16375043503297
2019-12-17,6,204,560.2845730040715
2019-12-17,7,165,535.3605841506192
2019-12-17,8,824,548.514944363003
2019-12-17,9,156,508.69540208282524
2019-12-17,10,251,554.4718354680217
2019-12-17,11,957,483.91884319770185
2019-12-17,12,282,477.4497484935036
2019-12-17,13,797,438.1329177276477
2019-12-17,14,485,531.4624485946792
2019-12-17,15,757,585.7878004003122
2019-12-17,16,276,538.5940997517716
2019-12-17,17,693,598.5834375230909
2019-12-17,18,126,489.3432331666339
2019-12-17,19,994,422.77677531967663
2019-12-17,20,427,525.1714541300939
2019-12-17,21,178,521.3935338595193
2019-12-17,22,151,395.6055482699696
2019-12-17,23,384,503.19281506670717
2019-12-17,24,8,506.0294966945355
2019-12-17,25,341,513.8284576297464
2019-12-17,26,352,467.4643231327455
2019-12-17,27,358,490.4658799618327
2019-12-17,28,802,510.87164365898616
2019-12-17,29,193,498.455618221421
2019-12-17,30,145,600.1703633591052
2019-12-17,31,538,510.0549523357484
2019-12-17,32,588,552.5327198003806
2019-12-17,33,987,509.8782995086191
2019-12-17,34,801,522.4614217459873
2019-12-17,35,1,531.9365111014592
2019-12-17,36,53,442.8497543634758
2019-12-17,37,304,461.4185838791561
2019-12-17,38,220,514.8314159838088
2019-12-17,39,962,496.7930826703504
2019-12-17,40,688,516.438120515174
2019-12-17,41,781,517.0300009549929
2019-12-17,42,489,571.7590774595026
2019-12-17,43,971,487.79216823546756
2019-12-17,44,494,548.2043584144178
2019-12-17,45,644,552.3460063825006
2019-12-17,46,594,528.4975152670692
2019-12-17,47,397,485.1218248320004
2019-12-17,48,331,568.785340665581
2019-12-17,49,641,506.02499793946504
2019-12-17,50,601,448.5662833435458
2019-12-18,1,725,445.18624565523993
2019-12-18,2,711,427.9974558702853
2019-12-18,3,143,455.7418250500076
2019-12-18,4,473,577.6280907744821
2019-12-18,5,417,468.0519126155249
2019-12-18,6,940,433.8455103296251
2019-12-18,7,102,508.48468961760096
2019-12-18,8,622,464.9942063397496
2019-12-18,9,974,465.5924827411138
2019-12-18,10,3,612.6217902672154
2019-12-18,11,85,502.95710611362114
2019-12-18,12,454,556.3058513007691
2019-12-18,13,924,430.5213766618202
2019-12-18,14,293,417.7300626521554
2019-12-18,15,975,616.4309504210783
2019-12-18,16,944,536.2575699690871
2019-12-18,17,343,529.7377170832643
2019-12-18,18,891,542.6707779390154
2019-12-18,19,427,487.3657155999518
2019-12-18,20,715,519.6042264850435
2019-12-18,21,51,462.30177055666616
2019-12-18,22,893,485.96624615666127
2019-12-18,23,964,456.47136918691217
2019-12-18,24,539,450.78638123537485
2019-12-18,25,669,508.9947075576739
2019-12-18,26,144,569.60011431723
2019-12-18,27,106,575.725878129479
2019-12-18,28,945,538.6541594588764
2019-12-18,29,589,450.8756303230845
2019-12-18,30,459,488.7683425001488
2019-12-18,31,263,451.5400194843117
2019-12-18,32,909,527.5518651121268
2019-12-18,33,159,469.9316178024393
2019-12-18,34,938,515.9890967071268
2019-12-18,35,445,569.8707351530186
2019-12-18,36,385,496.2427916594992
2019-12-18,37,172,506.26122513239534
2019-12-18,38,891,478.52972294373734
2019-12-18,39,141,560.3076697835296
2019-12-18,40,726,519.1985776273431
2019-12-18,41,220,464.9004156096622
2019-12-18,42,10,466.85495412245257
2019-12-18,43,984,557.4709864131858
2019-12-18,44,584,484.95479903193205
2019-12-18,45,152,437.80683823043574
2019-12-18,46,293,465.3547401102046
2019-12-18,47,580,540.1450809072843
2019-12-18,48,60,471.97759242552377
2019-12-18,49,167,466.3254687878066
2019-12-18,50,676,513.9497081111901
2019-12-19,1,970,611.1347814567538
2019-12-19,2,687,438.1089527956442
2019-12-19,3,561,531.6888440466049
2019-12-19,4,631,520.689954872575
2019-12-19,5,661,561.2292218813071
2019-12-19,6,160,581.1698281149522
2019-12-19,7,523,472.1254107496083
2019-12-19,8,509,431.5098510210461
2019-12-19,9,441,515.7191747027424
2019-12-19,10,803,499.89581012899083
2019-12-19,11,263,459.81627160151345
2019-12-19,12,374,581.9558402722034
2019-12-19,13,637,548.8191976731051
2019-12-19,14,999,555.2024568241677
2019-12-19,15,280,528.4491539592638
2019-12-19,16,167,581.4198311564269
2019-12-19,17,621,444.96103585816576
2019-12-19,18,425,464.4350687619731
2019-12-19,19,999,501.7041734129613
2019-12-19,20,642,461.5013384470679
2019-12-19,21,956,468.9090849746804
2019-12-19,22,149,535.0686532419611
2019-12-19,23,776,516.5440116107228
2019-12-19,24,812,541.6764480804462
2019-12-19,25,381,432.137238458661
2019-12-19,26,130,490.54592654190634
2019-12-19,27,727,425.02062718985337
2019-12-19,28,803,433.5178348880346
2019-12-19,29,354,402.44407625755713
2019-12-19,30,662,468.5535554405654
2019-12-19,31,812,565.56051151962
2019-12-19,32,311,534.7203159472685
2019-12-19,33,208,422.19966336131586
2019-12-19,34,55,408.9047633673823
2019-12-19,35,912,498.9990550327786
2019-12-19,36,542,519.1805985393966
2019-12-19,37,237,462.33508878307214
2019-12-19,38,286,539.46578059273
2019-12-19,39,149,488.17098246354294
2019-12-19,40,456,480.18030824760973
2019-12-19,41,743,514.9026105053588
2019-12-19,42,460,550.0963774477598
2019-12-19,43,550,485.4596959927981
2019-12-19,44,749,479.60884569657276
2019-12-19,45,578,423.17741297548855
2019-12-19,46,761,440.46757139106495
2019-12-19,47,969,565.5036547218926
2019-12-19,48,702,501.95819521809295
2019-12-19,49,407,522.4505481709468
2019-12-19,50,143,473.4746188530921
2019-12-20,1,342,400.3034581865982
2019-12-20,2,12,560.9168657792691
2019-12-20,3,239,544.322409850813
2019-12-20,4,429,385.3011829983207
2019-12-20,5,803,518.6529467660318
2019-12-20,6,462,600.0972983401487
2019-12-20,7,134,481.9307116409081
2019-12-20,8,526,477.4949433154888
2019-12-20,9,73,478.29449102520095
2019-12-20,10,206,472.811028338833
2019-12-20,11,788,535.613574475294
2019-12-20,12,962,506.01128167171066
2019-12-20,13,793,401.54263570132264
2019-12-20,14,95,489.0874418128582
2019-12-20,15,782,474.1871992031437
2019-12-20,16,483,546.5888048704353
2019-12-20,17,937,525.5139505266036
2019-12-20,18,482,549.8906359132013
2019-12-20,19,392,547.5398150168074
2019-12-20,20,79,330.57859586718035
2019-12-20,21,580,512.093335075677
2019-12-20,22,543,451.52380552400103
2019-12-20,23,846,481.3086302975284
2019-12-20,24,447,531.6310649892134
2019-12-20,25,390,417.1783567414425
2019-12-20,26,287,562.8218171172595
2019-12-20,27,517,489.3278564534896
2019-12-20,28,642,574.5363068424977
2019-12-20,29,382,471.81754862868286
2019-12-20,30,329,479.4534421850408
2019-12-20,31,156,469.329866822953
2019-12-20,32,80,484.87651567559357
2019-12-20,33,400,500.7843356897801
2019-12-20,34,615,463.56341593127985
2019-12-20,35,552,521.8469084873175
2019-12-20,36,820,559.532313739317
2019-12-20,37,221,524.9763492547704
2019-12-20,38,231,614.4341034398836
2019-12-20,39,690,431.65606507922894
2019-12-20,40,519,488.7617299053658
2019-12-20,41,155,560.3904654230502
2019-12-20,42,741,484.1674985369386
2019-12-20,43,598,488.36640457400006
2019-12-20,44,742,447.67610286877857
2019-12-20,45,591,587.4620811021764
2019-12-20,46,888,539.7008536770567
2019-12-20,47,423,423.363231555212
2019-12-20,48,986,551.6477366614306
2019-12-20,49,242,440.278012099715
2019-12-20,50,997,525.6421806539689
2019-12-21,1,173,493.8826548679447
2019-12-21,2,497,478.2421701072624
2019-12-21,3,700,499.4942044265544
2019-12-21,4,768,610.9210712057363
2019-12-21,5,183,480.52016965706036
2019-12-21,6,594,527.6916665890773
2019-12-21,7,744,522.1403190510458
2019-12-21,8,925,560.2963403808294
2019-12-21,9,422,524.7297874160549
2019-12-21,10,625,494.16713950838647
2019-12-21,11,105,514.5724961605903
2019-12-21,12,425,463.465901809811
2019-12-21,13,129,516.2588398264531
2019-12-21,14,956,491.66379834565805
2019-12-21,15,232,607.8654106632752
2019-12-21,16,802,469.7142538498331
2019-12-21,17,776,513.8271833446333
2019-12-21,18,79,539.9749626752074
2019-12-21,19,913,501.6002074532883
2019-12-21,20,467,462.3291064826908
2019-12-21,21,581,504.4323348699006
2019-12-21,22,101,586.1064302842485
2019-12-21,23,8,481.7339224343946
2019-12-21,24,408,509.2340152932454
2019-12-21,25,483,459.8753633394176
2019-12-21,26,366,564.9405662423526
2019-12-21,27,228,560.0206953972213
2019-12-21,28,391,467.1552860514302
2019-12-21,29,499,477.42951711996807
2019-12-21,30,261,478.197325617506
2019-12-21,31,773,559.2852077331498
2019-12-21,32,320,535.9476655332534
2019-12-21,33,138,530.3565550391809
2019-12-21,34,962,565.5579443159053
2019-12-21,35,463,483.8660080578932
2019-12-21,36,382,487.4583491772476
2019-12-21,37,836,532.0843718577324
2019-12-21,38,378,561.2313543613166
2019-12-21,39,119,467.8240884809928
2019-12-21,40,488,546.3920064040618
2019-12-21,41,770,572.7809345040558
2019-12-21,42,351,589.96357875095
2019-12-21,43,912,526.9148039524816
2019-12-21,44,523,553.6253668654902
2019-12-21,45,522,527.84104203875
2019-12-21,46,183,489.48149207194774
2019-12-21,47,969,447.7595402989483
2019-12-21,48,124,401.6821705311999
2019-12-21,49,985,474.42747222248846
2019-12-21,50,980,461.9799962833347
2019-12-22,1,725,497.70596090095404
2019-12-22,2,113,602.1492262675629
2019-12-22,3,888,537.3093703657202
2019-12-22,4,780,481.9903202695026
2019-12-22,5,233,606.44732778728
2019-12-22,6,661,534.4339011842713
2019-12-22,7,638,524.5487475819126
2019-12-22,8,647,536.7438893024909
2019-12-22,9,663,448.0599085998722
2019-12-22,10,598,525.1450202457067
2019-12-22,11,662,519.9843975876321
2019-12-22,12,283,467.4321553104086
2019-12-22,13,562,501.52394251328326
2019-12-22,14,88,425.4031926764313
2019-12-22,15,44,515.4416506299482
2019-12-22,16,701,585.1107472317619
2019-12-22,17,353,405.0411806042266
2019-12-22,18,19,503.92146995093213
2019-12-22,19,23,537.6670810552266
2019-12-22,20,367,519.0579192441389
2019-12-22,21,281,468.88109025045986
2019-12-22,22,362,523.9044998313728
2019-12-22,23,186,489.54883713569876
2019-12-22,24,874,457.473977289535
2019-12-22,25,866,513.0331416575203
2019-12-22,26,896,429.9746019862529
2019-12-22,27,302,440.2058468982408
2019-12-22,28,937,522.230133411007
2019-12-22,29,112,513.8991532371355
2019-12-22,30,598,572.7405322495871
2019-12-22,31,234,460.755084345888
2019-12-22,32,418,532.4140216921929
2019-12-22,33,437,427.5071717259547
2019-12-22,34,755,444.6845909385829
2019-12-22,35,735,536.1190678913886
2019-12-22,36,101,481.3583423954116
2019-12-22,37,698,459.14072666955025
2019-12-22,38,20,395.2939686168111
2019-12-22,39,906,511.2342362875943
2019-12-22,40,805,546.6295415936545
2019-12-22,41,742,584.0546157465244
2019-12-22,42,405,462.4547225109943
2019-12-22,43,202,423.7171842714953
2019-12-22,44,57,563.1292051713591
2019-12-22,45,941,509.05582551055306
2019-12-22,46,516,458.21189324895454
2019-12-22,47,221,471.78762006713055
2019-12-22,48,336,509.22756515985185
2019-12-22,49,698,593.0657798618197
2019-12-22,50,766,594.3307323044705
2019-12-23,1,536,551.2031262905731
2019-12-23,2,159,529.6263474600592
2019-12-23,3,188,499.6478600537632
2019-12-23,4,878,565.6204310871316
2019-12-23,5,211,491.49076887375355
2019-12-23,6,542,477.33859753363623
2019-12-23,7,314,547.3912901418608
2019-12-23,8,704,534.1017225021964
2019-12-23,9,19,442.91554429332473
2019-12-23,10,183,490.3170270360141
2019-12-23,11,113,457.8369697853129
2019-12-23,12,628,493.2378552183984
2019-12-23,13,113,575.6724871621066
2019-12-23,14,971,531.5405842277389
2019-12-23,15,825,509.4923918106232
2019-12-23,16,401,528.8379033096536
2019-12-23,17,198,561.0516847762676
2019-12-23,18,987,529.1048851734308
2019-12-23,19,399,557.3704665095803
2019-12-23,20,75,484.7888059414093
2019-12-23,21,871,594.2293152967304
2019-12-23,22,505,577.1621764136095
2019-12-23,23,500,429.45877509560626
2019-12-23,24,973,441.27647366166417
2019-12-23,25,619,507.0443123455602
2019-12-23,26,877,411.5780317218574
2019-12-23,27,563,551.6481973576402
2019-12-23,28,349,490.25273957855205
2019-12-23,29,832,525.6800053284858
2019-12-23,30,74,473.36495801690444
2019-12-23,31,704,444.42934939327824
2019-12-23,32,260,497.41779224174576
2019-12-23,33,638,498.62425474746817
2019-12-23,34,641,588.6125798334872
2019-12-23,35,792,545.0088493456233
2019-12-23,36,182,538.9054593063008
2019-12-23,37,686,450.0807280405854
2019-12-23,38,543,515.0895949909733
2019-12-23,39,596,517.6741452974334
2019-12-23,40,926,506.07525057008576
2019-12-23,41,408,494.99229617600236
2019-12-23,42,220,489.81631249115173
2019-12-23,43,903,517.7511227210758
2019-12-23,44,632,488.94434523557493
2019-12-23,45,906,545.6792313116624
2019-12-23,46,618,459.8410524659828
2019-12-23,47,729,473.69609838940204
2019-12-23,48,596,499.2990230871206
2019-12-23,49,850,378.7879869863529
2019-12-23,50,519,544.2022698180525
2019-12-24,1,70,512.3538688903152
2019-12-24,2,655,504.36655289577044
2019-12-24,3,944,421.87270715567286
2019-12-24,4,313,473.5473661326853
2019-12-24,5,165,444.48002413519896
2019-12-24,6,984,528.3527758694051
2019-12-24,7,305,523.3214991216763
2019-12-24,8,384,498.2179258851258
2019-12-24,9,908,459.57900877383065
2019-12-24,10,178,484.23675778792267
2019-12-24,11,629,463.27042116009756
2019-12-24,12,327,459.48737814928097
2019-12-24,13,598,550.8750614542091
2019-12-24,14,573,633.1591175059912
2019-12-24,15,573,521.4408250165286
2019-12-24,16,681,534.6552803631572
2019-12-24,17,423,518.9741028582754
2019-12-24,18,966,590.5752406296758
2019-12-24,19,494,446.39304940071963
2019-12-24,20,853,353.93247582526965
2019-12-24,21,517,477.5809890473059
2019-12-24,22,880,600.500464465
2019-12-24,23,435,530.9577130502599
2019-12-24,24,344,602.8747734855849
2019-12-24,25,936,484.87665808963243
2019-12-24,26,611,459.25180077172786
2019-12-24,27,704,499.3198582777339
2019-12-24,28,32,572.8679279135511
2019-12-24,29,391,506.42258687988766
2019-12-24,30,68,553.2930499380818
2019-12-24,31,878,517.8812129661948
2019-12-24,32,628,458.1340460334304
2019-12-24,33,604,579.1296982740796
2019-12-24,34,881,518.9933925354541
2019-12-24,35,447,455.61209973943824
2019-12-24,36,899,505.7434521769441
2019-12-24,37,968,461.9268917290525
2019-12-24,38,227,424.193208994839
2019-12-24,39,774,459.83181019698645
2019-12-24,40,379,393.50115622085264
2019-12-24,41,178,493.6434279174001
2019-12-24,42,779,456.140739968915
2019-12-24,43,504,563.5315530329111
2019-12-24,44,485,464.6347329835834
2019-12-24,45,597,552.4827088930173
2019-12-24,46,911,430.9728327376295
2019-12-24,47,944,502.43343684415254
2019-12-24,48,828,547.8428439637787
2019-12-24,49,468,438.5599790723931
2019-12-24,50,848,510.637241922987
2019-12-25,1,387,539.4449649016725
2019-12-25,2,875,486.40439994632817
2019-12-25,3,40,627.1833947650764
2019-12-25,4,520,509.1403454602668
2019-12-25,5,613,539.0899655656456
2019-12-25,6,613,528.3843375467293
2019-12-25,7,260,457.03298581503446
2019-12-25,8,129,557.1192571987062
2019-12-25,9,575,447.11421759649727
2019-12-25,10,670,497.9492289498268
2019-12-25,11,269,519.4943409736197
2019-12-25,12,131,461.38151078428496
2019-12-25,13,353,473.8001713272322
2019-12-25,14,227,437.1394362571231
2019-12-25,15,701,437.06341753684944
2019-12-25,16,486,449.5420855325185
2019-12-25,17,434,514.299247036123
2019-12-25,18,377,478.5578532184781
2019-12-25,19,395,513.8354521952492
2019-12-25,20,457,536.6070281742558
2019-12-25,21,725,536.8378877720544
2019-12-25,22,588,471.6519512223378
2019-12-25,23,476,418.8021395619479
2019-12-25,24,156,508.0781506719994
2019-12-25,25,760,512.1816250003687
2019-12-25,26,675,477.0454468222707
2019-12-25,27,692,512.4599271367828
2019-12-25,28,338,521.0736724937951
2019-12-25,29,314,442.89346752843267
2019-12-25,30,896,600.7439280562107
2019-12-25,31,662,539.7851570849871
2019-12-25,32,862,530.9331968740324
2019-12-25,33,783,475.54526070405467
2019-12-25,34,483,514.8654822840421
2019-12-25,35,936,523.4779584676463
2019-12-25,36,1,449.6719504456049
2019-12-25,37,968,543.3923471515648
2019-12-25,38,815,481.09569495083326
2019-12-25,39,806,470.28168138268967
2019-12-25,40,313,490.3838043463818
2019-12-25,41,629,572.8977616782845
2019-12-25,42,996,474.2167983078894
2019-12-25,43,460,534.1709252311712
2019-12-25,44,764,470.2932711612557
2019-12-25,45,845,514.1103821444967
2019-12-25,46,646,537.3280047840535
2019-12-25,47,251,421.95545486229673
2019-12-25,48,142,428.5984583449618
2019-12-25,49,612,452.4074762662688
2019-12-25,50,659,484.8191647346121
2019-12-26,1,542,495.11384734645407
2019-12-26,2,881,570.5854687965727
2019-12-26,3,281,479.7187504393967
2019-12-26,4,614,496.6304382140903
2019-12-26,5,727,519.4121323892672
2019-12-26,6,622,465.17901035386984
2019-12-26,7,947,527.0434611240673
2019-12-26,8,284,544.2375527381657
2019-12-26,9,980,501.94327810242817
2019-12-26,10,73,507.7157915816793
2019-12-26,11,763,528.4679723086219
2019-12-26,12,787,611.7239450674655
2019-12-26,13,943,426.4154278664656
2019-12-26,14,437,486.891314856808
2019-12-26,15,829,494.00637262885635
2019-12-26,16,265,489.0689644420634
2019-12-26,17,320,414.9897562725967
2019-12-26,18,654,526.415151733346
2019-12-26,19,203,532.7805199126445
2019-12-26,20,68,576.3861809761883
2019-12-26,21,988,521.4156481236748
2019-12-26,22,622,544.9567856843746
2019-12-26,23,598,494.77753907312643
2019-12-26,24,881,491.5589138404995
2019-12-26,25,432,504.156123282834
2019-12-26,26,576,476.6448296604612
2019-12-26,27,494,503.50260815565906
2019-12-26,28,325,558.0939151304095
2019-12-26,29,304,517.3765188079037
2019-12-26,30,929,558.1754383977493
2019-12-26,31,201,513.2577763649443
2019-12-26,32,977,532.0965267480775
2019-12-26,33,482,509.4790808299372
2019-12-26,34,301,550.0523046283571
2019-12-26,35,343,409.49837983637104
2019-12-26,36,588,465.6033066581411
2019-12-26,37,174,525.5601299762491
2019-12-26,38,26,568.6829272581479
2019-12-26,39,820,605.2601200604005
2019-12-26,40,819,444.3472786468144
2019-12-26,41,550,581.9982264685697
2019-12-26,42,132,537.1063745535946
2019-12-26,43,823,451.7251007085472
2019-12-26,44,406,501.50807862675623
2019-12-26,45,76,608.5471358748907
2019-12-26,46,194,491.2057093783832
2019-12-26,47,984,573.953948670288
2019-12-26,48,769,530.5571827324771
2019-12-26,49,584,468.8675319132774
2019-12-26,50,665,509.73037276186216
2019-12-27,1,722,478.02056444841133
2019-12-27,2,730,389.61245418087157
2019-12-27,3,283,478.534888774137
2019-12-27,4,449,465.3789510063072
2019-12-27,5,441,488.9902686496021
2019-12-27,6,424,396.6072636782004
2019-12-27,7,142,424.7639812984499
2019-12-27,8,824,538.0027981844801
2019-12-27,9,689,489.75324810933773
2019-12-27,10,302,500.34341274695186
2019-12-27,11,881,484.5395461475068
2019-12-27,12,341,462.39217972047084
2019-12-27,13,757,524.0073068111185
2019-12-27,14,363,636.5433616611783
2019-12-27,15,822,491.99336022166796
2019-12-27,16,549,533.5670038225232
2019-12-27,17,817,455.6889828195297
2019-12-27,18,819,513.4330713341886
2019-12-27,19,571,553.8003569299299
2019-12-27,20,397,501.0655824335971
2019-12-27,21,704,480.0444073898625
2019-12-27,22,1,467.3551613794219
2019-12-27,23,168,409.84301618720275
2019-12-27,24,456,420.7932028497255
2019-12-27,25,957,538.6010781001711
2019-12-27,26,240,576.5661872289735
2019-12-27,27,929,475.846947415828
2019-12-27,28,431,507.3396505992775
2019-12-27,29,727,540.9315330889949
2019-12-27,30,673,439.7498239450486
2019-12-27,31,639,466.4874989136881
2019-12-27,32,751,513.3703491177732
2019-12-27,33,412,545.9873807163995
2019-12-27,34,332,505.6959814050385
2019-12-27,35,378,556.724026004216
2019-12-27,36,770,459.3797500505118
2019-12-27,37,959,566.5091543153108
2019-12-27,38,819,566.3484265528338
2019-12-27,39,843,502.778777999908
2019-12-27,40,563,627.3416640724322
2019-12-27,41,118,522.5816350824798
2019-12-27,42,629,446.255047134544
2019-12-27,43,514,564.1049460479277
2019-12-27,44,350,505.8434691170557
2019-12-27,45,296,527.9384892280314
2019-12-27,46,268,545.877260333206
2019-12-27,47,419,458.2022960209652
2019-12-27,48,975,494.856147795417
2019-12-27,49,986,491.2681074095035
2019-12-27,50,408,425.7488920859551
2019-12-28,1,505,491.57051895946256
2019-12-28,2,107,467.61559871582847
2019-12-28,3,658,463.0684593986965
2019-12-28,4,73,491.5972467155817
2019-12-28,5,949,513.1181190161832
2019-12-28,6,364,552.5597005493021
2019-12-28,7,866,453.55100228386874
2019-12-28,8,172,392.19494843125915
2019-12-28,9,847,482.04887180721073
2019-12-28,10,75,511.6064255929335
2019-12-28,11,560,496.08646680982923
2019-12-28,12,920,482.7195242651651
2019-12-28,13,679,436.65527642380744
2019-12-28,14,7,502.21296930351645
2019-12-28,15,196,492.2767240566012
2019-12-28,16,202,521.5286336047025
2019-12-28,17,444,563.6820166075823
2019-12-28,18,395,475.0866058449825
2019-12-28,19,817,561.1061651186527
2019-12-28,20,440,505.5586080144768
2019-12-28,21,204,453.0911312286147
2019-12-28,22,625,507.093052760375
2019-12-28,23,877,501.397572762223
2019-12-28,24,557,520.9093539233875
2019-12-28,25,772,494.28560221990574
2019-12-28,26,363,492.13512873995484
2019-12-28,27,448,411.6351323444712
2019-12-28,28,262,427.4513368779456
2019-12-28,29,827,497.9714086627412
2019-12-28,30,938,441.06684552643753
2019-12-28,31,485,479.3145416162691
2019-12-28,32,124,553.5447615669808
2019-12-28,33,869,368.8105882225367
2019-12-28,34,786,438.96649751590434
2019-12-28,35,201,494.63489279978853
2019-12-28,36,109,522.3858462905139
2019-12-28,37,736,526.4478968196261
2019-12-28,38,165,398.0519361497292
2019-12-28,39,489,586.6257499742546
2019-12-28,40,854,611.5650073096316
2019-12-28,41,821,489.0421990143469
2019-12-28,42,554,561.386043856959
2019-12-28,43,354,460.61081240458805
2019-12-28,44,497,468.9576200874442
2019-12-28,45,341,436.92725831724454
2019-12-28,46,300,456.7480386825504
2019-12-28,47,139,401.03500948121064
2019-12-28,48,604,537.3955128058767
2019-12-28,49,959,491.4068506768354
2019-12-28,50,111,444.5917734404599
2019-12-29,1,866,373.4856238626835
2019-12-29,2,273,485.69978890599447
2019-12-29,3,99,514.5930881000007
2019-12-29,4,761,544.9732485574123
2019-12-29,5,664,438.52252027737916
2019-12-29,6,853,524.8349611618261
2019-12-29,7,520,498.4927865239574
2019-12-29,8,164,471.6147107890657
2019-12-29,9,886,512.6869830747287
2019-12-29,10,685,523.3846585882717
2019-12-29,11,559,481.9118465581593
2019-12-29,12,977,514.0060694484724
2019-12-29,13,184,531.0785944928025
2019-12-29,14,524,481.5194831978183
2019-12-29,15,582,493.7691101904935
2019-12-29,16,304,441.3704195573629
2019-12-29,17,620,556.3025125386084
2019-12-29,18,695,497.4303138205757
2019-12-29,19,762,662.7323646577063
2019-12-29,20,958,437.7770800081083
2019-12-29,21,216,604.1174372047792
2019-12-29,22,704,442.13400065077576
2019-12-29,23,761,568.1336931183529
2019-12-29,24,949,458.42490285219515
2019-12-29,25,974,390.0194640749723
2019-12-29,26,687,414.3780271217843
2019-12-29,27,751,527.7802233001725
2019-12-29,28,48,504.4790340627624
2019-12-29,29,511,558.2903009604192
2019-12-29,30,864,489.7772510157388
2019-12-29,31,840,529.6778361140431
2019-12-29,32,494,352.980568266786
2019-12-29,33,701,597.8531820270821
2019-12-29,34,683,487.9292794789897
2019-12-29,35,835,461.35611660881955
2019-12-29,36,126,520.3526143562268
2019-12-29,37,277,557.2694594273677
2019-12-29,38,664,473.42215313784715
2019-12-29,39,547,547.6562522688043
2019-12-29,40,327,525.6542710048647
2019-12-29,41,542,525.7521336638094
2019-12-29,42,549,535.7829122378946
2019-12-29,43,141,540.0204762613841
2019-12-29,44,128,537.7145664906787
2019-12-29,45,201,529.2251608059654
2019-12-29,46,194,522.4827953312926
2019-12-29,47,703,498.673937037547
2019-12-29,48,942,455.9062674386141
2019-12-29,49,974,417.9866680387342
2019-12-29,50,358,418.3720798503953
2019-12-30,1,75,460.37900395000196
2019-12-30,2,188,484.601923518048
2019-12-30,3,973,501.50953936050774
2019-12-30,4,528,530.430372117837
2019-12-30,5,66,500.0602737681112
2019-12-30,6,746,459.14556844659046
2019-12-30,7,380,491.03947626873054
2019-12-30,8,450,504.12563496615945
2019-12-30,9,474,419.6220067815513
2019-12-30,10,508,461.8637610716893
2019-12-30,11,290,543.6459593385393
2019-12-30,12,974,468.5047372640794
2019-12-30,13,632,541.4737420965874
2019-12-30,14,733,490.3086930613598
2019-12-30,15,231,422.9603478784567
2019-12-30,16,233,493.3741660229052
2019-12-30,17,670,502.9966315133164
2019-12-30,18,53,513.8688468979096
2019-12-30,19,787,457.26635275142917
2019-12-30,20,337,516.7518562631234
2019-12-30,21,183,349.0243922089587
2019-12-30,22,10,509.1924772376847
2019-12-30,23,484,467.55430593637504
2019-12-30,24,160,509.4546246919526
2019-12-30,25,882,540.3561298318655
2019-12-30,26,53,451.3226900147766
2019-12-30,27,408,526.1885554916447
2019-12-30,28,260,413.0909763831728
2019-12-30,29,205,511.31504674109334
2019-12-30,30,12,521.3727962497558
2019-12-30,31,631,527.8108789498751
2019-12-30,32,873,540.611989046961
2019-12-30,33,716,456.48662249095133
2019-12-30,34,241,489.3143924002059
2019-12-30,35,861,483.6052641743541
2019-12-30,36,818,507.75953419294893
2019-12-30,37,776,457.0775029812657
2019-12-30,38,651,556.2793885520172
2019-12-30,39,633,432.70645382633927
2019-12-30,40,923,459.0371070139251
2019-12-30,41,674,551.3710767669387
2019-12-30,42,911,466.8139811510144
2019-12-30,43,819,542.5448981083986
2019-12-30,44,624,493.13141058003015
2019-12-30,45,568,496.72261966094976
2019-12-30,46,929,599.0845903200014
2019-12-30,47,828,571.137406804997
2019-12-30,48,906,546.3107701120796
2019-12-30,49,175,526.1121840624005
2019-12-30,50,13,459.1798006949479
